<?xml version="1.0" encoding="UTF-8"?>
<project-private xmlns="http://www.netbeans.org/ns/project-private/1">
    <editor-bookmarks xmlns="http://www.netbeans.org/ns/editor-bookmarks/2" lastBookmarkId="0"/>
    <open-files xmlns="http://www.netbeans.org/ns/projectui-open-files/2">
        <group>
            <file>file:/E:/FPT/PRO1041_Du%20an%201/DuAN/src/UI/QuanLyMayPanel.java</file>
            <file>file:/E:/FPT/PRO1041_Du%20an%201/DuAN/src/UI/DoanhThuPanel.java</file>
            <file>file:/E:/FPT/PRO1041_Du%20an%201/DuAN/src/UI/NhanVienPanel.java</file>
            <file>file:/E:/FPT/PRO1041_Du%20an%201/DuAN/src/DAO/HoaDonDAO.java</file>
            <file>file:/E:/FPT/PRO1041_Du%20an%201/DuAN/src/UI/MainForm.java</file>
        </group>
    </open-files>
</project-private>
